Time (%),Total Time (ns),Num Calls,Avg (ns),Med (ns),Min (ns),Max (ns),StdDev (ns),Name
41.1,5019566897,2101044,2389.1,2234.0,1699,832519,1375.0,cuLaunchKernel
13.6,1663077878,64688,25709.2,9706.0,5640,1680143,89045.3,cuMemcpyDtoHAsync_v2
7.4,909372879,2001073,454.4,376.0,187,6230771,4460.7,cuMemAllocAsync
7.1,868188759,316950,2739.2,2328.0,1504,983043,3044.5,cuMemcpyHtoDAsync_v2
6.6,810381386,2001015,405.0,361.0,223,494259,480.0,cuMemFreeAsync
6.6,805494694,288629,2790.8,2470.0,1587,818039,2723.3,cuMemsetD8Async
5.9,717871507,265325,2705.6,2485.0,1889,191879,896.5,cudaLaunchKernel
4.4,531265659,10256,51800.5,45484.0,29254,1151564,45829.6,cuMemGetInfo_v2
3.2,391124386,4,97781096.5,19210838.0,2524074,350178636,168508261.0,cuModuleLoadData
1.5,179834630,757230,237.5,212.0,158,364613,453.7,cuInit
0.5,63168332,102788,614.5,443.0,268,24822,496.2,cudaEventRecord
0.5,59176835,10258,5768.8,4796.5,2339,504282,8345.2,cuStreamSynchronize
0.4,50762215,10176,4988.4,4777.0,3487,258251,2701.3,cuMemcpyDtoDAsync_v2
0.3,39631354,514640,77.0,71.0,53,11611,48.2,cuStreamGetCaptureInfo_v2
0.3,37636930,3,12545643.3,38272.0,15971,37582687,21682718.7,cuLibraryLoadData
0.2,29365658,328214,89.5,77.0,52,22575,94.5,cuStreamGetGreenCtx
0.2,20322469,265325,76.6,60.0,39,138057,282.1,cuKernelGetName
0.1,6327055,700,9038.6,3211.5,2236,3920381,148050.1,cudaLaunchKernelExC
0.0,2535467,850,2982.9,340.0,71,1334039,49205.2,cuKernelGetFunction
0.0,882042,2,441021.0,441021.0,11171,870871,607899.7,cudaEventQuery
0.0,252996,20,12649.8,750.0,338,167950,39735.8,cuKernelSetAttribute
0.0,127033,20,6351.6,5287.0,3061,21885,4220.6,cuLaunchKernelEx
0.0,20978,11,1907.1,1594.0,166,7253,1924.4,cuLibraryGetKernel
0.0,4474,1,4474.0,4474.0,4474,4474,0.0,cuCtxSetCurrent
